Domain,Category,SEO_Title,SEO_Description,Meta_Description
PreciseTutor.com,brandable_general,PreciseTutor.com – Nom de marque premium (Brandable General),"PreciseTutor.com est un nom de marque premium pour marquable, nom court, mémorisable. Court, mémorisable et optimisé SEO — idéal pour une croissance organique et la crédibilité.","Découvrez PreciseTutor.com : nom premium pour marquable, nom court et mémorisable. Court, mémorisable, optimisé SEO."
Nilufer.org,brandable_general,Nilufer.org – Nom de marque premium (Brandable General),"Nilufer.org est un nom de marque premium pour marquable, nom court, mémorisable. Court, mémorisable et optimisé SEO — idéal pour une croissance organique et la crédibilité.","Découvrez Nilufer.org : nom premium pour marquable, nom court et mémorisable. Court, mémorisable, optimisé SEO."
NIFE.net,brandable_general,NIFE.net – Nom de marque premium (Brandable General),"NIFE.net est un nom de marque premium pour marquable, nom court, mémorisable. Court, mémorisable et optimisé SEO — idéal pour une croissance organique et la crédibilité.","Découvrez NIFE.net : nom premium pour marquable, nom court et mémorisable. Court, mémorisable, optimisé SEO."
SUAT.net,brandable_general,SUAT.net – Nom de marque premium (Brandable General),"SUAT.net est un nom de marque premium pour marquable, nom court, mémorisable. Court, mémorisable et optimisé SEO — idéal pour une croissance organique et la crédibilité.","Découvrez SUAT.net : nom premium pour marquable, nom court et mémorisable. Court, mémorisable, optimisé SEO."
WordyPool.com,brandable_general,WordyPool.com – Nom de marque premium (Brandable General),"WordyPool.com est un nom de marque premium pour marquable, nom court, mémorisable. Court, mémorisable et optimisé SEO — idéal pour une croissance organique et la crédibilité.","Découvrez WordyPool.com : nom premium pour marquable, nom court et mémorisable. Court, mémorisable, optimisé SEO."
EntryOL.com,trend_analytics,EntryOL.com – Nom de marque premium (Trend Analytics),"EntryOL.com est un nom de marque premium pour analytique, données, tendances. Court, mémorisable et optimisé SEO — idéal pour une croissance organique et la crédibilité.","Découvrez EntryOL.com : nom premium pour analytique, données et tendances. Court, mémorisable, optimisé SEO."
NewsPrivate.com,brandable_general,NewsPrivate.com – Nom de marque premium (Brandable General),"NewsPrivate.com est un nom de marque premium pour marquable, nom court, mémorisable. Court, mémorisable et optimisé SEO — idéal pour une croissance organique et la crédibilité.","Découvrez NewsPrivate.com : nom premium pour marquable, nom court et mémorisable. Court, mémorisable, optimisé SEO."
TalkInHealth.com,brandable_general,TalkInHealth.com – Nom de marque premium (Brandable General),"TalkInHealth.com est un nom de marque premium pour marquable, nom court, mémorisable. Court, mémorisable et optimisé SEO — idéal pour une croissance organique et la crédibilité.","Découvrez TalkInHealth.com : nom premium pour marquable, nom court et mémorisable. Court, mémorisable, optimisé SEO."
Kontenjan.com,brandable_general,Kontenjan.com – Nom de marque premium (Brandable General),"Kontenjan.com est un nom de marque premium pour marquable, nom court, mémorisable. Court, mémorisable et optimisé SEO — idéal pour une croissance organique et la crédibilité.","Découvrez Kontenjan.com : nom premium pour marquable, nom court et mémorisable. Court, mémorisable, optimisé SEO."
Beyrout.com,brandable_general,Beyrout.com – Nom de marque premium (Brandable General),"Beyrout.com est un nom de marque premium pour marquable, nom court, mémorisable. Court, mémorisable et optimisé SEO — idéal pour une croissance organique et la crédibilité.","Découvrez Beyrout.com : nom premium pour marquable, nom court et mémorisable. Court, mémorisable, optimisé SEO."
LineHaber.com,brandable_general,LineHaber.com – Nom de marque premium (Brandable General),"LineHaber.com est un nom de marque premium pour marquable, nom court, mémorisable. Court, mémorisable et optimisé SEO — idéal pour une croissance organique et la crédibilité.","Découvrez LineHaber.com : nom premium pour marquable, nom court et mémorisable. Court, mémorisable, optimisé SEO."
ForDiver.com,brandable_general,ForDiver.com – Nom de marque premium (Brandable General),"ForDiver.com est un nom de marque premium pour marquable, nom court, mémorisable. Court, mémorisable et optimisé SEO — idéal pour une croissance organique et la crédibilité.","Découvrez ForDiver.com : nom premium pour marquable, nom court et mémorisable. Court, mémorisable, optimisé SEO."
Layusel.com,brandable_general,Layusel.com – Nom de marque premium (Brandable General),"Layusel.com est un nom de marque premium pour marquable, nom court, mémorisable. Court, mémorisable et optimisé SEO — idéal pour une croissance organique et la crédibilité.","Découvrez Layusel.com : nom premium pour marquable, nom court et mémorisable. Court, mémorisable, optimisé SEO."
SoloTat.com,brandable_general,SoloTat.com – Nom de marque premium (Brandable General),"SoloTat.com est un nom de marque premium pour marquable, nom court, mémorisable. Court, mémorisable et optimisé SEO — idéal pour une croissance organique et la crédibilité.","Découvrez SoloTat.com : nom premium pour marquable, nom court et mémorisable. Court, mémorisable, optimisé SEO."
Nesnelita.com,brandable_general,Nesnelita.com – Nom de marque premium (Brandable General),"Nesnelita.com est un nom de marque premium pour marquable, nom court, mémorisable. Court, mémorisable et optimisé SEO — idéal pour une croissance organique et la crédibilité.","Découvrez Nesnelita.com : nom premium pour marquable, nom court et mémorisable. Court, mémorisable, optimisé SEO."
ChimeSweeps.com,brandable_general,ChimeSweeps.com – Nom de marque premium (Brandable General),"ChimeSweeps.com est un nom de marque premium pour marquable, nom court, mémorisable. Court, mémorisable et optimisé SEO — idéal pour une croissance organique et la crédibilité.","Découvrez ChimeSweeps.com : nom premium pour marquable, nom court et mémorisable. Court, mémorisable, optimisé SEO."
Joker.menu,brandable_general,Joker.menu – Nom de marque premium (Brandable General),"Joker.menu est un nom de marque premium pour marquable, nom court, mémorisable. Court, mémorisable et optimisé SEO — idéal pour une croissance organique et la crédibilité.","Découvrez Joker.menu : nom premium pour marquable, nom court et mémorisable. Court, mémorisable, optimisé SEO."
Kulakizi.com,brandable_general,Kulakizi.com – Nom de marque premium (Brandable General),"Kulakizi.com est un nom de marque premium pour marquable, nom court, mémorisable. Court, mémorisable et optimisé SEO — idéal pour une croissance organique et la crédibilité.","Découvrez Kulakizi.com : nom premium pour marquable, nom court et mémorisable. Court, mémorisable, optimisé SEO."
ElitAnne.com,brandable_general,ElitAnne.com – Nom de marque premium (Brandable General),"ElitAnne.com est un nom de marque premium pour marquable, nom court, mémorisable. Court, mémorisable et optimisé SEO — idéal pour une croissance organique et la crédibilité.","Découvrez ElitAnne.com : nom premium pour marquable, nom court et mémorisable. Court, mémorisable, optimisé SEO."
Contactless.live,brandable_general,Contactless.live – Nom de marque premium (Brandable General),"Contactless.live est un nom de marque premium pour marquable, nom court, mémorisable. Court, mémorisable et optimisé SEO — idéal pour une croissance organique et la crédibilité.","Découvrez Contactless.live : nom premium pour marquable, nom court et mémorisable. Court, mémorisable, optimisé SEO."
OnlyMyTime.com,brandable_general,OnlyMyTime.com – Nom de marque premium (Brandable General),"OnlyMyTime.com est un nom de marque premium pour marquable, nom court, mémorisable. Court, mémorisable et optimisé SEO — idéal pour une croissance organique et la crédibilité.","Découvrez OnlyMyTime.com : nom premium pour marquable, nom court et mémorisable. Court, mémorisable, optimisé SEO."
VitrinIstanbul.com,brandable_general,VitrinIstanbul.com – Nom de marque premium (Brandable General),"VitrinIstanbul.com est un nom de marque premium pour marquable, nom court, mémorisable. Court, mémorisable et optimisé SEO — idéal pour une croissance organique et la crédibilité.","Découvrez VitrinIstanbul.com : nom premium pour marquable, nom court et mémorisable. Court, mémorisable, optimisé SEO."
BrainsColors.com,brand_agency,BrainsColors.com – Nom de marque premium (Brand Agency),"BrainsColors.com est un nom de marque premium pour branding, agency, creative. Court, mémorisable et optimisé SEO — idéal pour une croissance organique et la crédibilité.","Découvrez BrainsColors.com : nom premium pour branding, agency et creative. Court, mémorisable, optimisé SEO."
GetToTT.com,brandable_general,GetToTT.com – Nom de marque premium (Brandable General),"GetToTT.com est un nom de marque premium pour marquable, nom court, mémorisable. Court, mémorisable et optimisé SEO — idéal pour une croissance organique et la crédibilité.","Découvrez GetToTT.com : nom premium pour marquable, nom court et mémorisable. Court, mémorisable, optimisé SEO."
ToggPacific.com,brandable_general,ToggPacific.com – Nom de marque premium (Brandable General),"ToggPacific.com est un nom de marque premium pour marquable, nom court, mémorisable. Court, mémorisable et optimisé SEO — idéal pour une croissance organique et la crédibilité.","Découvrez ToggPacific.com : nom premium pour marquable, nom court et mémorisable. Court, mémorisable, optimisé SEO."
BigGaga.com,brandable_general,BigGaga.com – Nom de marque premium (Brandable General),"BigGaga.com est un nom de marque premium pour marquable, nom court, mémorisable. Court, mémorisable et optimisé SEO — idéal pour une croissance organique et la crédibilité.","Découvrez BigGaga.com : nom premium pour marquable, nom court et mémorisable. Court, mémorisable, optimisé SEO."
BackStamp.co,brandable_general,BackStamp.co – Nom de marque premium (Brandable General),"BackStamp.co est un nom de marque premium pour marquable, nom court, mémorisable. Court, mémorisable et optimisé SEO — idéal pour une croissance organique et la crédibilité.","Découvrez BackStamp.co : nom premium pour marquable, nom court et mémorisable. Court, mémorisable, optimisé SEO."
BoldLend.co,brandable_general,BoldLend.co – Nom de marque premium (Brandable General),"BoldLend.co est un nom de marque premium pour marquable, nom court, mémorisable. Court, mémorisable et optimisé SEO — idéal pour une croissance organique et la crédibilité.","Découvrez BoldLend.co : nom premium pour marquable, nom court et mémorisable. Court, mémorisable, optimisé SEO."
EliteComfort.co,nature_green,EliteComfort.co – Nom de marque premium (Nature Green),"EliteComfort.co est un nom de marque premium pour durable, éco, nature. Court, mémorisable et optimisé SEO — idéal pour une croissance organique et la crédibilité.","Découvrez EliteComfort.co : nom premium pour durable, éco et nature. Court, mémorisable, optimisé SEO."
FaceRepair.co,brandable_general,FaceRepair.co – Nom de marque premium (Brandable General),"FaceRepair.co est un nom de marque premium pour marquable, nom court, mémorisable. Court, mémorisable et optimisé SEO — idéal pour une croissance organique et la crédibilité.","Découvrez FaceRepair.co : nom premium pour marquable, nom court et mémorisable. Court, mémorisable, optimisé SEO."
GeniusBee.co,brand_agency,GeniusBee.co – Nom de marque premium (Brand Agency),"GeniusBee.co est un nom de marque premium pour branding, agency, creative. Court, mémorisable et optimisé SEO — idéal pour une croissance organique et la crédibilité.","Découvrez GeniusBee.co : nom premium pour branding, agency et creative. Court, mémorisable, optimisé SEO."
MultiMile.co,brandable_general,MultiMile.co – Nom de marque premium (Brandable General),"MultiMile.co est un nom de marque premium pour marquable, nom court, mémorisable. Court, mémorisable et optimisé SEO — idéal pour une croissance organique et la crédibilité.","Découvrez MultiMile.co : nom premium pour marquable, nom court et mémorisable. Court, mémorisable, optimisé SEO."
NurseWorks.co,brandable_general,NurseWorks.co – Nom de marque premium (Brandable General),"NurseWorks.co est un nom de marque premium pour marquable, nom court, mémorisable. Court, mémorisable et optimisé SEO — idéal pour une croissance organique et la crédibilité.","Découvrez NurseWorks.co : nom premium pour marquable, nom court et mémorisable. Court, mémorisable, optimisé SEO."
PeakBuilt.co,brandable_general,PeakBuilt.co – Nom de marque premium (Brandable General),"PeakBuilt.co est un nom de marque premium pour marquable, nom court, mémorisable. Court, mémorisable et optimisé SEO — idéal pour une croissance organique et la crédibilité.","Découvrez PeakBuilt.co : nom premium pour marquable, nom court et mémorisable. Court, mémorisable, optimisé SEO."
PublicClinic.co,brandable_general,PublicClinic.co – Nom de marque premium (Brandable General),"PublicClinic.co est un nom de marque premium pour marquable, nom court, mémorisable. Court, mémorisable et optimisé SEO — idéal pour une croissance organique et la crédibilité.","Découvrez PublicClinic.co : nom premium pour marquable, nom court et mémorisable. Court, mémorisable, optimisé SEO."
ShoeSpot.co,brandable_general,ShoeSpot.co – Nom de marque premium (Brandable General),"ShoeSpot.co est un nom de marque premium pour marquable, nom court, mémorisable. Court, mémorisable et optimisé SEO — idéal pour une croissance organique et la crédibilité.","Découvrez ShoeSpot.co : nom premium pour marquable, nom court et mémorisable. Court, mémorisable, optimisé SEO."
SmartWarranty.co,warranty,SmartWarranty.co – Nom de marque premium (Warranty),"SmartWarranty.co est un nom de marque premium pour garantie, protection étendue, couverture. Court, mémorisable et optimisé SEO — idéal pour une croissance organique et la crédibilité.","Découvrez SmartWarranty.co : nom premium pour garantie, protection étendue et couverture. Court, mémorisable, optimisé SEO."
SolarCharging.co,brandable_general,SolarCharging.co – Nom de marque premium (Brandable General),"SolarCharging.co est un nom de marque premium pour marquable, nom court, mémorisable. Court, mémorisable et optimisé SEO — idéal pour une croissance organique et la crédibilité.","Découvrez SolarCharging.co : nom premium pour marquable, nom court et mémorisable. Court, mémorisable, optimisé SEO."
SpaTreatments.co,brandable_general,SpaTreatments.co – Nom de marque premium (Brandable General),"SpaTreatments.co est un nom de marque premium pour marquable, nom court, mémorisable. Court, mémorisable et optimisé SEO — idéal pour une croissance organique et la crédibilité.","Découvrez SpaTreatments.co : nom premium pour marquable, nom court et mémorisable. Court, mémorisable, optimisé SEO."
SuitStore.co,brandable_general,SuitStore.co – Nom de marque premium (Brandable General),"SuitStore.co est un nom de marque premium pour marquable, nom court, mémorisable. Court, mémorisable et optimisé SEO — idéal pour une croissance organique et la crédibilité.","Découvrez SuitStore.co : nom premium pour marquable, nom court et mémorisable. Court, mémorisable, optimisé SEO."
VirtualSight.co,brandable_general,VirtualSight.co – Nom de marque premium (Brandable General),"VirtualSight.co est un nom de marque premium pour marquable, nom court, mémorisable. Court, mémorisable et optimisé SEO — idéal pour une croissance organique et la crédibilité.","Découvrez VirtualSight.co : nom premium pour marquable, nom court et mémorisable. Court, mémorisable, optimisé SEO."
TriedCarrier.com,logistics_transport,TriedCarrier.com – Nom de marque premium (Logistics Transport),"TriedCarrier.com est un nom de marque premium pour logistique, transporteur, flotte. Court, mémorisable et optimisé SEO — idéal pour une croissance organique et la crédibilité.","Découvrez TriedCarrier.com : nom premium pour logistique, transporteur et flotte. Court, mémorisable, optimisé SEO."
TriedDelivery.com,brandable_general,TriedDelivery.com – Nom de marque premium (Brandable General),"TriedDelivery.com est un nom de marque premium pour marquable, nom court, mémorisable. Court, mémorisable et optimisé SEO — idéal pour une croissance organique et la crédibilité.","Découvrez TriedDelivery.com : nom premium pour marquable, nom court et mémorisable. Court, mémorisable, optimisé SEO."
Lebabet.com,brandable_general,Lebabet.com – Nom de marque premium (Brandable General),"Lebabet.com est un nom de marque premium pour marquable, nom court, mémorisable. Court, mémorisable et optimisé SEO — idéal pour une croissance organique et la crédibilité.","Découvrez Lebabet.com : nom premium pour marquable, nom court et mémorisable. Court, mémorisable, optimisé SEO."
WhiteScut.com,brandable_general,WhiteScut.com – Nom de marque premium (Brandable General),"WhiteScut.com est un nom de marque premium pour marquable, nom court, mémorisable. Court, mémorisable et optimisé SEO — idéal pour une croissance organique et la crédibilité.","Découvrez WhiteScut.com : nom premium pour marquable, nom court et mémorisable. Court, mémorisable, optimisé SEO."
Aleyh.com,brandable_general,Aleyh.com – Nom de marque premium (Brandable General),"Aleyh.com est un nom de marque premium pour marquable, nom court, mémorisable. Court, mémorisable et optimisé SEO — idéal pour une croissance organique et la crédibilité.","Découvrez Aleyh.com : nom premium pour marquable, nom court et mémorisable. Court, mémorisable, optimisé SEO."
CNPQ.org,brandable_general,CNPQ.org – Nom de marque premium (Brandable General),"CNPQ.org est un nom de marque premium pour marquable, nom court, mémorisable. Court, mémorisable et optimisé SEO — idéal pour une croissance organique et la crédibilité.","Découvrez CNPQ.org : nom premium pour marquable, nom court et mémorisable. Court, mémorisable, optimisé SEO."
UsherMore.com,brandable_general,UsherMore.com – Nom de marque premium (Brandable General),"UsherMore.com est un nom de marque premium pour marquable, nom court, mémorisable. Court, mémorisable et optimisé SEO — idéal pour une croissance organique et la crédibilité.","Découvrez UsherMore.com : nom premium pour marquable, nom court et mémorisable. Court, mémorisable, optimisé SEO."
Zikrullah.com,brandable_general,Zikrullah.com – Nom de marque premium (Brandable General),"Zikrullah.com est un nom de marque premium pour marquable, nom court, mémorisable. Court, mémorisable et optimisé SEO — idéal pour une croissance organique et la crédibilité.","Découvrez Zikrullah.com : nom premium pour marquable, nom court et mémorisable. Court, mémorisable, optimisé SEO."
Vakit.org,brandable_general,Vakit.org – Nom de marque premium (Brandable General),"Vakit.org est un nom de marque premium pour marquable, nom court, mémorisable. Court, mémorisable et optimisé SEO — idéal pour une croissance organique et la crédibilité.","Découvrez Vakit.org : nom premium pour marquable, nom court et mémorisable. Court, mémorisable, optimisé SEO."
AimDD.com,brandable_general,AimDD.com – Nom de marque premium (Brandable General),"AimDD.com est un nom de marque premium pour marquable, nom court, mémorisable. Court, mémorisable et optimisé SEO — idéal pour une croissance organique et la crédibilité.","Découvrez AimDD.com : nom premium pour marquable, nom court et mémorisable. Court, mémorisable, optimisé SEO."
mPAYm.com,brandable_general,mPAYm.com – Nom de marque premium (Brandable General),"mPAYm.com est un nom de marque premium pour marquable, nom court, mémorisable. Court, mémorisable et optimisé SEO — idéal pour une croissance organique et la crédibilité.","Découvrez mPAYm.com : nom premium pour marquable, nom court et mémorisable. Court, mémorisable, optimisé SEO."
GoGode.com,brandable_general,GoGode.com – Nom de marque premium (Brandable General),"GoGode.com est un nom de marque premium pour marquable, nom court, mémorisable. Court, mémorisable et optimisé SEO — idéal pour une croissance organique et la crédibilité.","Découvrez GoGode.com : nom premium pour marquable, nom court et mémorisable. Court, mémorisable, optimisé SEO."
TTSus.com,brandable_general,TTSus.com – Nom de marque premium (Brandable General),"TTSus.com est un nom de marque premium pour marquable, nom court, mémorisable. Court, mémorisable et optimisé SEO — idéal pour une croissance organique et la crédibilité.","Découvrez TTSus.com : nom premium pour marquable, nom court et mémorisable. Court, mémorisable, optimisé SEO."
Oemec.com,brandable_general,Oemec.com – Nom de marque premium (Brandable General),"Oemec.com est un nom de marque premium pour marquable, nom court, mémorisable. Court, mémorisable et optimisé SEO — idéal pour une croissance organique et la crédibilité.","Découvrez Oemec.com : nom premium pour marquable, nom court et mémorisable. Court, mémorisable, optimisé SEO."
Padga.com,brandable_general,Padga.com – Nom de marque premium (Brandable General),"Padga.com est un nom de marque premium pour marquable, nom court, mémorisable. Court, mémorisable et optimisé SEO — idéal pour une croissance organique et la crédibilité.","Découvrez Padga.com : nom premium pour marquable, nom court et mémorisable. Court, mémorisable, optimisé SEO."
TatilSpotu.com,brandable_general,TatilSpotu.com – Nom de marque premium (Brandable General),"TatilSpotu.com est un nom de marque premium pour marquable, nom court, mémorisable. Court, mémorisable et optimisé SEO — idéal pour une croissance organique et la crédibilité.","Découvrez TatilSpotu.com : nom premium pour marquable, nom court et mémorisable. Court, mémorisable, optimisé SEO."
MirRoo.com,brandable_general,MirRoo.com – Nom de marque premium (Brandable General),"MirRoo.com est un nom de marque premium pour marquable, nom court, mémorisable. Court, mémorisable et optimisé SEO — idéal pour une croissance organique et la crédibilité.","Découvrez MirRoo.com : nom premium pour marquable, nom court et mémorisable. Court, mémorisable, optimisé SEO."
SozLux.com,brandable_general,SozLux.com – Nom de marque premium (Brandable General),"SozLux.com est un nom de marque premium pour marquable, nom court, mémorisable. Court, mémorisable et optimisé SEO — idéal pour une croissance organique et la crédibilité.","Découvrez SozLux.com : nom premium pour marquable, nom court et mémorisable. Court, mémorisable, optimisé SEO."
PanelAxis.com,saas_dashboard,PanelAxis.com – Nom de marque premium (Saas Dashboard),"PanelAxis.com est un nom de marque premium pour SaaS, tableau de bord, logiciel B2B. Court, mémorisable et optimisé SEO — idéal pour une croissance organique et la crédibilité.","Découvrez PanelAxis.com : nom premium pour SaaS, tableau de bord et logiciel B2B. Court, mémorisable, optimisé SEO."
MentorTiger.com,animals_strength,MentorTiger.com – Nom de marque premium (Animals Strength),"MentorTiger.com est un nom de marque premium pour fitness, outdoor, leadership. Court, mémorisable et optimisé SEO — idéal pour une croissance organique et la crédibilité.","Découvrez MentorTiger.com : nom premium pour fitness, outdoor et leadership. Court, mémorisable, optimisé SEO."
SuperWavy.com,brandable_general,SuperWavy.com – Nom de marque premium (Brandable General),"SuperWavy.com est un nom de marque premium pour marquable, nom court, mémorisable. Court, mémorisable et optimisé SEO — idéal pour une croissance organique et la crédibilité.","Découvrez SuperWavy.com : nom premium pour marquable, nom court et mémorisable. Court, mémorisable, optimisé SEO."
Zivto.com,brandable_general,Zivto.com – Nom de marque premium (Brandable General),"Zivto.com est un nom de marque premium pour marquable, nom court, mémorisable. Court, mémorisable et optimisé SEO — idéal pour une croissance organique et la crédibilité.","Découvrez Zivto.com : nom premium pour marquable, nom court et mémorisable. Court, mémorisable, optimisé SEO."
FlavorOrbit.com,food_snack,FlavorOrbit.com – Nom de marque premium (Food Snack),"FlavorOrbit.com est un nom de marque premium pour snacks, marque food, livraison. Court, mémorisable et optimisé SEO — idéal pour une croissance organique et la crédibilité.","Découvrez FlavorOrbit.com : nom premium pour snacks, marque food et livraison. Court, mémorisable, optimisé SEO."
NiceLush.com,health_diet,NiceLush.com – Nom de marque premium (Health Diet),"NiceLush.com est un nom de marque premium pour alimentation saine, nutrition, bien‑être. Court, mémorisable et optimisé SEO — idéal pour une croissance organique et la crédibilité.","Découvrez NiceLush.com : nom premium pour alimentation saine, nutrition et bien‑être. Court, mémorisable, optimisé SEO."
SnackOrbit.com,food_snack,SnackOrbit.com – Nom de marque premium (Food Snack),"SnackOrbit.com est un nom de marque premium pour snacks, marque food, livraison. Court, mémorisable et optimisé SEO — idéal pour une croissance organique et la crédibilité.","Découvrez SnackOrbit.com : nom premium pour snacks, marque food et livraison. Court, mémorisable, optimisé SEO."
CardioBear.com,health_diet,CardioBear.com – Nom de marque premium (Health Diet),"CardioBear.com est un nom de marque premium pour alimentation saine, nutrition, bien‑être. Court, mémorisable et optimisé SEO — idéal pour une croissance organique et la crédibilité.","Découvrez CardioBear.com : nom premium pour alimentation saine, nutrition et bien‑être. Court, mémorisable, optimisé SEO."
VUY.io,brandable_general,VUY.io – Nom de marque premium (Brandable General),"VUY.io est un nom de marque premium pour marquable, nom court, mémorisable. Court, mémorisable et optimisé SEO — idéal pour une croissance organique et la crédibilité.","Découvrez VUY.io : nom premium pour marquable, nom court et mémorisable. Court, mémorisable, optimisé SEO."
AVRI.net,brandable_general,AVRI.net – Nom de marque premium (Brandable General),"AVRI.net est un nom de marque premium pour marquable, nom court, mémorisable. Court, mémorisable et optimisé SEO — idéal pour une croissance organique et la crédibilité.","Découvrez AVRI.net : nom premium pour marquable, nom court et mémorisable. Court, mémorisable, optimisé SEO."
USNA.net,brandable_general,USNA.net – Nom de marque premium (Brandable General),"USNA.net est un nom de marque premium pour marquable, nom court, mémorisable. Court, mémorisable et optimisé SEO — idéal pour une croissance organique et la crédibilité.","Découvrez USNA.net : nom premium pour marquable, nom court et mémorisable. Court, mémorisable, optimisé SEO."
SBR.net,brandable_general,SBR.net – Nom de marque premium (Brandable General),"SBR.net est un nom de marque premium pour marquable, nom court, mémorisable. Court, mémorisable et optimisé SEO — idéal pour une croissance organique et la crédibilité.","Découvrez SBR.net : nom premium pour marquable, nom court et mémorisable. Court, mémorisable, optimisé SEO."
WordEntry.com,trend_analytics,WordEntry.com – Nom de marque premium (Trend Analytics),"WordEntry.com est un nom de marque premium pour analytique, données, tendances. Court, mémorisable et optimisé SEO — idéal pour une croissance organique et la crédibilité.","Découvrez WordEntry.com : nom premium pour analytique, données et tendances. Court, mémorisable, optimisé SEO."
HairToCare.com,brandable_general,HairToCare.com – Nom de marque premium (Brandable General),"HairToCare.com est un nom de marque premium pour marquable, nom court, mémorisable. Court, mémorisable et optimisé SEO — idéal pour une croissance organique et la crédibilité.","Découvrez HairToCare.com : nom premium pour marquable, nom court et mémorisable. Court, mémorisable, optimisé SEO."
HitRegion.com,trend_analytics,HitRegion.com – Nom de marque premium (Trend Analytics),"HitRegion.com est un nom de marque premium pour analytique, données, tendances. Court, mémorisable et optimisé SEO — idéal pour une croissance organique et la crédibilité.","Découvrez HitRegion.com : nom premium pour analytique, données et tendances. Court, mémorisable, optimisé SEO."
UYFE.com,brandable_general,UYFE.com – Nom de marque premium (Brandable General),"UYFE.com est un nom de marque premium pour marquable, nom court, mémorisable. Court, mémorisable et optimisé SEO — idéal pour une croissance organique et la crédibilité.","Découvrez UYFE.com : nom premium pour marquable, nom court et mémorisable. Court, mémorisable, optimisé SEO."
Batyal.com,brandable_general,Batyal.com – Nom de marque premium (Brandable General),"Batyal.com est un nom de marque premium pour marquable, nom court, mémorisable. Court, mémorisable et optimisé SEO — idéal pour une croissance organique et la crédibilité.","Découvrez Batyal.com : nom premium pour marquable, nom court et mémorisable. Court, mémorisable, optimisé SEO."
OldLogic.com,trend_analytics,OldLogic.com – Nom de marque premium (Trend Analytics),"OldLogic.com est un nom de marque premium pour analytique, données, tendances. Court, mémorisable et optimisé SEO — idéal pour une croissance organique et la crédibilité.","Découvrez OldLogic.com : nom premium pour analytique, données et tendances. Court, mémorisable, optimisé SEO."
BonnyDiet.com,health_diet,BonnyDiet.com – Nom de marque premium (Health Diet),"BonnyDiet.com est un nom de marque premium pour alimentation saine, nutrition, bien‑être. Court, mémorisable et optimisé SEO — idéal pour une croissance organique et la crédibilité.","Découvrez BonnyDiet.com : nom premium pour alimentation saine, nutrition et bien‑être. Court, mémorisable, optimisé SEO."
Nadyo.com,brandable_general,Nadyo.com – Nom de marque premium (Brandable General),"Nadyo.com est un nom de marque premium pour marquable, nom court, mémorisable. Court, mémorisable et optimisé SEO — idéal pour une croissance organique et la crédibilité.","Découvrez Nadyo.com : nom premium pour marquable, nom court et mémorisable. Court, mémorisable, optimisé SEO."
Bipna.com,brandable_general,Bipna.com – Nom de marque premium (Brandable General),"Bipna.com est un nom de marque premium pour marquable, nom court, mémorisable. Court, mémorisable et optimisé SEO — idéal pour une croissance organique et la crédibilité.","Découvrez Bipna.com : nom premium pour marquable, nom court et mémorisable. Court, mémorisable, optimisé SEO."
SweetSkirt.com,brandable_general,SweetSkirt.com – Nom de marque premium (Brandable General),"SweetSkirt.com est un nom de marque premium pour marquable, nom court, mémorisable. Court, mémorisable et optimisé SEO — idéal pour une croissance organique et la crédibilité.","Découvrez SweetSkirt.com : nom premium pour marquable, nom court et mémorisable. Court, mémorisable, optimisé SEO."
Elfida.com,brandable_general,Elfida.com – Nom de marque premium (Brandable General),"Elfida.com est un nom de marque premium pour marquable, nom court, mémorisable. Court, mémorisable et optimisé SEO — idéal pour une croissance organique et la crédibilité.","Découvrez Elfida.com : nom premium pour marquable, nom court et mémorisable. Court, mémorisable, optimisé SEO."
HideDocs.com,security_privacy,HideDocs.com – Nom de marque premium (Security Privacy),"HideDocs.com est un nom de marque premium pour cybersécurité, confidentialité, coffre. Court, mémorisable et optimisé SEO — idéal pour une croissance organique et la crédibilité.","Découvrez HideDocs.com : nom premium pour cybersécurité, confidentialité et coffre. Court, mémorisable, optimisé SEO."
ToggTeam.com,brandable_general,ToggTeam.com – Nom de marque premium (Brandable General),"ToggTeam.com est un nom de marque premium pour marquable, nom court, mémorisable. Court, mémorisable et optimisé SEO — idéal pour une croissance organique et la crédibilité.","Découvrez ToggTeam.com : nom premium pour marquable, nom court et mémorisable. Court, mémorisable, optimisé SEO."
Belenay.com,brandable_general,Belenay.com – Nom de marque premium (Brandable General),"Belenay.com est un nom de marque premium pour marquable, nom court, mémorisable. Court, mémorisable et optimisé SEO — idéal pour une croissance organique et la crédibilité.","Découvrez Belenay.com : nom premium pour marquable, nom court et mémorisable. Court, mémorisable, optimisé SEO."
LuckLack.com,brandable_general,LuckLack.com – Nom de marque premium (Brandable General),"LuckLack.com est un nom de marque premium pour marquable, nom court, mémorisable. Court, mémorisable et optimisé SEO — idéal pour une croissance organique et la crédibilité.","Découvrez LuckLack.com : nom premium pour marquable, nom court et mémorisable. Court, mémorisable, optimisé SEO."
DoSlush.com,health_diet,DoSlush.com – Nom de marque premium (Health Diet),"DoSlush.com est un nom de marque premium pour alimentation saine, nutrition, bien‑être. Court, mémorisable et optimisé SEO — idéal pour une croissance organique et la crédibilité.","Découvrez DoSlush.com : nom premium pour alimentation saine, nutrition et bien‑être. Court, mémorisable, optimisé SEO."
Melkut.com,brandable_general,Melkut.com – Nom de marque premium (Brandable General),"Melkut.com est un nom de marque premium pour marquable, nom court, mémorisable. Court, mémorisable et optimisé SEO — idéal pour une croissance organique et la crédibilité.","Découvrez Melkut.com : nom premium pour marquable, nom court et mémorisable. Court, mémorisable, optimisé SEO."
Doslash.com,brandable_general,Doslash.com – Nom de marque premium (Brandable General),"Doslash.com est un nom de marque premium pour marquable, nom court, mémorisable. Court, mémorisable et optimisé SEO — idéal pour une croissance organique et la crédibilité.","Découvrez Doslash.com : nom premium pour marquable, nom court et mémorisable. Court, mémorisable, optimisé SEO."
ActiveStamp.com,brandable_general,ActiveStamp.com – Nom de marque premium (Brandable General),"ActiveStamp.com est un nom de marque premium pour marquable, nom court, mémorisable. Court, mémorisable et optimisé SEO — idéal pour une croissance organique et la crédibilité.","Découvrez ActiveStamp.com : nom premium pour marquable, nom court et mémorisable. Court, mémorisable, optimisé SEO."
WellWhet.com,health_diet,WellWhet.com – Nom de marque premium (Health Diet),"WellWhet.com est un nom de marque premium pour alimentation saine, nutrition, bien‑être. Court, mémorisable et optimisé SEO — idéal pour une croissance organique et la crédibilité.","Découvrez WellWhet.com : nom premium pour alimentation saine, nutrition et bien‑être. Court, mémorisable, optimisé SEO."
BetterWolf.com,animals_strength,BetterWolf.com – Nom de marque premium (Animals Strength),"BetterWolf.com est un nom de marque premium pour fitness, outdoor, leadership. Court, mémorisable et optimisé SEO — idéal pour une croissance organique et la crédibilité.","Découvrez BetterWolf.com : nom premium pour fitness, outdoor et leadership. Court, mémorisable, optimisé SEO."
ForeverActive.co,brandable_general,ForeverActive.co – Nom de marque premium (Brandable General),"ForeverActive.co est un nom de marque premium pour marquable, nom court, mémorisable. Court, mémorisable et optimisé SEO — idéal pour une croissance organique et la crédibilité.","Découvrez ForeverActive.co : nom premium pour marquable, nom court et mémorisable. Court, mémorisable, optimisé SEO."
NatureBased.co,nature_green,NatureBased.co – Nom de marque premium (Nature Green),"NatureBased.co est un nom de marque premium pour durable, éco, nature. Court, mémorisable et optimisé SEO — idéal pour une croissance organique et la crédibilité.","Découvrez NatureBased.co : nom premium pour durable, éco et nature. Court, mémorisable, optimisé SEO."
ReCarrier.com,logistics_transport,ReCarrier.com – Nom de marque premium (Logistics Transport),"ReCarrier.com est un nom de marque premium pour logistique, transporteur, flotte. Court, mémorisable et optimisé SEO — idéal pour une croissance organique et la crédibilité.","Découvrez ReCarrier.com : nom premium pour logistique, transporteur et flotte. Court, mémorisable, optimisé SEO."
BoldWarranty.com,warranty,BoldWarranty.com – Nom de marque premium (Warranty),"BoldWarranty.com est un nom de marque premium pour garantie, protection étendue, couverture. Court, mémorisable et optimisé SEO — idéal pour une croissance organique et la crédibilité.","Découvrez BoldWarranty.com : nom premium pour garantie, protection étendue et couverture. Court, mémorisable, optimisé SEO."
BrightWarranty.com,warranty,BrightWarranty.com – Nom de marque premium (Warranty),"BrightWarranty.com est un nom de marque premium pour garantie, protection étendue, couverture. Court, mémorisable et optimisé SEO — idéal pour une croissance organique et la crédibilité.","Découvrez BrightWarranty.com : nom premium pour garantie, protection étendue et couverture. Court, mémorisable, optimisé SEO."
GorgeousEstate.com,real_estate,GorgeousEstate.com – Nom de marque premium (Real Estate),"GorgeousEstate.com est un nom de marque premium pour immobilier, proptech, luxe. Court, mémorisable et optimisé SEO — idéal pour une croissance organique et la crédibilité.","Découvrez GorgeousEstate.com : nom premium pour immobilier, proptech et luxe. Court, mémorisable, optimisé SEO."
SwirlFox.com,animals_strength,SwirlFox.com – Nom de marque premium (Animals Strength),"SwirlFox.com est un nom de marque premium pour fitness, outdoor, leadership. Court, mémorisable et optimisé SEO — idéal pour une croissance organique et la crédibilité.","Découvrez SwirlFox.com : nom premium pour fitness, outdoor et leadership. Court, mémorisable, optimisé SEO."
VortexBee.com,brandable_general,VortexBee.com – Nom de marque premium (Brandable General),"VortexBee.com est un nom de marque premium pour marquable, nom court, mémorisable. Court, mémorisable et optimisé SEO — idéal pour une croissance organique et la crédibilité.","Découvrez VortexBee.com : nom premium pour marquable, nom court et mémorisable. Court, mémorisable, optimisé SEO."
UMZ.io,brandable_general,UMZ.io – Nom de marque premium (Brandable General),"UMZ.io est un nom de marque premium pour marquable, nom court, mémorisable. Court, mémorisable et optimisé SEO — idéal pour une croissance organique et la crédibilité.","Découvrez UMZ.io : nom premium pour marquable, nom court et mémorisable. Court, mémorisable, optimisé SEO."
Superluminosity.com,trend_analytics,Superluminosity.com – Nom de marque premium (Trend Analytics),"Superluminosity.com est un nom de marque premium pour analytique, données, tendances. Court, mémorisable et optimisé SEO — idéal pour une croissance organique et la crédibilité.","Découvrez Superluminosity.com : nom premium pour analytique, données et tendances. Court, mémorisable, optimisé SEO."
Hulgum.com,brandable_general,Hulgum.com – Nom de marque premium (Brandable General),"Hulgum.com est un nom de marque premium pour marquable, nom court, mémorisable. Court, mémorisable et optimisé SEO — idéal pour une croissance organique et la crédibilité.","Découvrez Hulgum.com : nom premium pour marquable, nom court et mémorisable. Court, mémorisable, optimisé SEO."
WorkBison.com,animals_strength,WorkBison.com – Nom de marque premium (Animals Strength),"WorkBison.com est un nom de marque premium pour fitness, outdoor, leadership. Court, mémorisable et optimisé SEO — idéal pour une croissance organique et la crédibilité.","Découvrez WorkBison.com : nom premium pour fitness, outdoor et leadership. Court, mémorisable, optimisé SEO."
DEEB.co,brandable_general,DEEB.co – Nom de marque premium (Brandable General),"DEEB.co est un nom de marque premium pour marquable, nom court, mémorisable. Court, mémorisable et optimisé SEO — idéal pour une croissance organique et la crédibilité.","Découvrez DEEB.co : nom premium pour marquable, nom court et mémorisable. Court, mémorisable, optimisé SEO."
DormantEnergy.com,brandable_general,DormantEnergy.com – Nom de marque premium (Brandable General),"DormantEnergy.com est un nom de marque premium pour marquable, nom court, mémorisable. Court, mémorisable et optimisé SEO — idéal pour une croissance organique et la crédibilité.","Découvrez DormantEnergy.com : nom premium pour marquable, nom court et mémorisable. Court, mémorisable, optimisé SEO."
RavenTour.com,music_audio,RavenTour.com – Nom de marque premium (Music Audio),"RavenTour.com est un nom de marque premium pour IA musicale, logiciel audio, sound design. Court, mémorisable et optimisé SEO — idéal pour une croissance organique et la crédibilité.","Découvrez RavenTour.com : nom premium pour IA musicale, logiciel audio et sound design. Court, mémorisable, optimisé SEO."
FlavorPilot.com,food_snack,FlavorPilot.com – Nom de marque premium (Food Snack),"FlavorPilot.com est un nom de marque premium pour snacks, marque food, livraison. Court, mémorisable et optimisé SEO — idéal pour une croissance organique et la crédibilité.","Découvrez FlavorPilot.com : nom premium pour snacks, marque food et livraison. Court, mémorisable, optimisé SEO."
PumaAxis.com,saas_dashboard,PumaAxis.com – Nom de marque premium (Saas Dashboard),"PumaAxis.com est un nom de marque premium pour SaaS, tableau de bord, logiciel B2B. Court, mémorisable et optimisé SEO — idéal pour une croissance organique et la crédibilité.","Découvrez PumaAxis.com : nom premium pour SaaS, tableau de bord et logiciel B2B. Court, mémorisable, optimisé SEO."
AxisSeven.com,saas_dashboard,AxisSeven.com – Nom de marque premium (Saas Dashboard),"AxisSeven.com est un nom de marque premium pour SaaS, tableau de bord, logiciel B2B. Court, mémorisable et optimisé SEO — idéal pour une croissance organique et la crédibilité.","Découvrez AxisSeven.com : nom premium pour SaaS, tableau de bord et logiciel B2B. Court, mémorisable, optimisé SEO."
Wellsix.com,health_diet,Wellsix.com – Nom de marque premium (Health Diet),"Wellsix.com est un nom de marque premium pour alimentation saine, nutrition, bien‑être. Court, mémorisable et optimisé SEO — idéal pour une croissance organique et la crédibilité.","Découvrez Wellsix.com : nom premium pour alimentation saine, nutrition et bien‑être. Court, mémorisable, optimisé SEO."
Dronefive.com,drone_tech,Dronefive.com – Nom de marque premium (Drone Tech),"Dronefive.com est un nom de marque premium pour drones, aérien, cartographie. Court, mémorisable et optimisé SEO — idéal pour une croissance organique et la crédibilité.","Découvrez Dronefive.com : nom premium pour drones, aérien et cartographie. Court, mémorisable, optimisé SEO."
SwankBee.com,brandable_general,SwankBee.com – Nom de marque premium (Brandable General),"SwankBee.com est un nom de marque premium pour marquable, nom court, mémorisable. Court, mémorisable et optimisé SEO — idéal pour une croissance organique et la crédibilité.","Découvrez SwankBee.com : nom premium pour marquable, nom court et mémorisable. Court, mémorisable, optimisé SEO."
SoftRaven.com,music_audio,SoftRaven.com – Nom de marque premium (Music Audio),"SoftRaven.com est un nom de marque premium pour IA musicale, logiciel audio, sound design. Court, mémorisable et optimisé SEO — idéal pour une croissance organique et la crédibilité.","Découvrez SoftRaven.com : nom premium pour IA musicale, logiciel audio et sound design. Court, mémorisable, optimisé SEO."
OrbitTwo.com,nature_green,OrbitTwo.com – Nom de marque premium (Nature Green),"OrbitTwo.com est un nom de marque premium pour durable, éco, nature. Court, mémorisable et optimisé SEO — idéal pour une croissance organique et la crédibilité.","Découvrez OrbitTwo.com : nom premium pour durable, éco et nature. Court, mémorisable, optimisé SEO."
OwlSnack.com,music_audio,OwlSnack.com – Nom de marque premium (Music Audio),"OwlSnack.com est un nom de marque premium pour IA musicale, logiciel audio, sound design. Court, mémorisable et optimisé SEO — idéal pour une croissance organique et la crédibilité.","Découvrez OwlSnack.com : nom premium pour IA musicale, logiciel audio et sound design. Court, mémorisable, optimisé SEO."
VaultTrend.com,trend_analytics,VaultTrend.com – Nom de marque premium (Trend Analytics),"VaultTrend.com est un nom de marque premium pour analytique, données, tendances. Court, mémorisable et optimisé SEO — idéal pour une croissance organique et la crédibilité.","Découvrez VaultTrend.com : nom premium pour analytique, données et tendances. Court, mémorisable, optimisé SEO."
MetroGist.com,trend_analytics,MetroGist.com – Nom de marque premium (Trend Analytics),"MetroGist.com est un nom de marque premium pour analytique, données, tendances. Court, mémorisable et optimisé SEO — idéal pour une croissance organique et la crédibilité.","Découvrez MetroGist.com : nom premium pour analytique, données et tendances. Court, mémorisable, optimisé SEO."
NextVisor.com,saas_dashboard,NextVisor.com – Nom de marque premium (Saas Dashboard),"NextVisor.com est un nom de marque premium pour SaaS, tableau de bord, logiciel B2B. Court, mémorisable et optimisé SEO — idéal pour une croissance organique et la crédibilité.","Découvrez NextVisor.com : nom premium pour SaaS, tableau de bord et logiciel B2B. Court, mémorisable, optimisé SEO."
CapacityOne.com,brandable_general,CapacityOne.com – Nom de marque premium (Brandable General),"CapacityOne.com est un nom de marque premium pour marquable, nom court, mémorisable. Court, mémorisable et optimisé SEO — idéal pour une croissance organique et la crédibilité.","Découvrez CapacityOne.com : nom premium pour marquable, nom court et mémorisable. Court, mémorisable, optimisé SEO."
Suvary.com,brandable_general,Suvary.com – Nom de marque premium (Brandable General),"Suvary.com est un nom de marque premium pour marquable, nom court, mémorisable. Court, mémorisable et optimisé SEO — idéal pour une croissance organique et la crédibilité.","Découvrez Suvary.com : nom premium pour marquable, nom court et mémorisable. Court, mémorisable, optimisé SEO."
LeaderBulk.com,brandable_general,LeaderBulk.com – Nom de marque premium (Brandable General),"LeaderBulk.com est un nom de marque premium pour marquable, nom court, mémorisable. Court, mémorisable et optimisé SEO — idéal pour une croissance organique et la crédibilité.","Découvrez LeaderBulk.com : nom premium pour marquable, nom court et mémorisable. Court, mémorisable, optimisé SEO."
BrandCubic.com,brand_agency,BrandCubic.com – Nom de marque premium (Brand Agency),"BrandCubic.com est un nom de marque premium pour branding, agency, creative. Court, mémorisable et optimisé SEO — idéal pour une croissance organique et la crédibilité.","Découvrez BrandCubic.com : nom premium pour branding, agency et creative. Court, mémorisable, optimisé SEO."
BirdEars.com,brandable_general,BirdEars.com – Nom de marque premium (Brandable General),"BirdEars.com est un nom de marque premium pour marquable, nom court, mémorisable. Court, mémorisable et optimisé SEO — idéal pour une croissance organique et la crédibilité.","Découvrez BirdEars.com : nom premium pour marquable, nom court et mémorisable. Court, mémorisable, optimisé SEO."
BeeProbe.com,brandable_general,BeeProbe.com – Nom de marque premium (Brandable General),"BeeProbe.com est un nom de marque premium pour marquable, nom court, mémorisable. Court, mémorisable et optimisé SEO — idéal pour une croissance organique et la crédibilité.","Découvrez BeeProbe.com : nom premium pour marquable, nom court et mémorisable. Court, mémorisable, optimisé SEO."
BeViews.com,brandable_general,BeViews.com – Nom de marque premium (Brandable General),"BeViews.com est un nom de marque premium pour marquable, nom court, mémorisable. Court, mémorisable et optimisé SEO — idéal pour une croissance organique et la crédibilité.","Découvrez BeViews.com : nom premium pour marquable, nom court et mémorisable. Court, mémorisable, optimisé SEO."
JointCup.com,brandable_general,JointCup.com – Nom de marque premium (Brandable General),"JointCup.com est un nom de marque premium pour marquable, nom court, mémorisable. Court, mémorisable et optimisé SEO — idéal pour une croissance organique et la crédibilité.","Découvrez JointCup.com : nom premium pour marquable, nom court et mémorisable. Court, mémorisable, optimisé SEO."
PumpLeaf.com,food_snack,PumpLeaf.com – Nom de marque premium (Food Snack),"PumpLeaf.com est un nom de marque premium pour snacks, marque food, livraison. Court, mémorisable et optimisé SEO — idéal pour une croissance organique et la crédibilité.","Découvrez PumpLeaf.com : nom premium pour snacks, marque food et livraison. Court, mémorisable, optimisé SEO."
IXAZ.com,brandable_general,IXAZ.com – Nom de marque premium (Brandable General),"IXAZ.com est un nom de marque premium pour marquable, nom court, mémorisable. Court, mémorisable et optimisé SEO — idéal pour une croissance organique et la crédibilité.","Découvrez IXAZ.com : nom premium pour marquable, nom court et mémorisable. Court, mémorisable, optimisé SEO."
Kwoy.com,brandable_general,Kwoy.com – Nom de marque premium (Brandable General),"Kwoy.com est un nom de marque premium pour marquable, nom court, mémorisable. Court, mémorisable et optimisé SEO — idéal pour une croissance organique et la crédibilité.","Découvrez Kwoy.com : nom premium pour marquable, nom court et mémorisable. Court, mémorisable, optimisé SEO."
Ago.me,brandable_general,Ago.me – Nom de marque premium (Brandable General),"Ago.me est un nom de marque premium pour marquable, nom court, mémorisable. Court, mémorisable et optimisé SEO — idéal pour une croissance organique et la crédibilité.","Découvrez Ago.me : nom premium pour marquable, nom court et mémorisable. Court, mémorisable, optimisé SEO."
AxisPanel.com,saas_dashboard,AxisPanel.com – Nom de marque premium (Saas Dashboard),"AxisPanel.com est un nom de marque premium pour SaaS, tableau de bord, logiciel B2B. Court, mémorisable et optimisé SEO — idéal pour une croissance organique et la crédibilité.","Découvrez AxisPanel.com : nom premium pour SaaS, tableau de bord et logiciel B2B. Court, mémorisable, optimisé SEO."
NutAxis.com,saas_dashboard,NutAxis.com – Nom de marque premium (Saas Dashboard),"NutAxis.com est un nom de marque premium pour SaaS, tableau de bord, logiciel B2B. Court, mémorisable et optimisé SEO — idéal pour une croissance organique et la crédibilité.","Découvrez NutAxis.com : nom premium pour SaaS, tableau de bord et logiciel B2B. Court, mémorisable, optimisé SEO."
BurgerOrbit.com,food_snack,BurgerOrbit.com – Nom de marque premium (Food Snack),"BurgerOrbit.com est un nom de marque premium pour snacks, marque food, livraison. Court, mémorisable et optimisé SEO — idéal pour une croissance organique et la crédibilité.","Découvrez BurgerOrbit.com : nom premium pour snacks, marque food et livraison. Court, mémorisable, optimisé SEO."
Insurens.com,insurance,Insurens.com – Nom de marque premium (Insurance),"Insurens.com est un nom de marque premium pour assurance, insurtech, couverture. Court, mémorisable et optimisé SEO — idéal pour une croissance organique et la crédibilité.","Découvrez Insurens.com : nom premium pour assurance, insurtech et couverture. Court, mémorisable, optimisé SEO."
Foxfuze.com,animals_strength,Foxfuze.com – Nom de marque premium (Animals Strength),"Foxfuze.com est un nom de marque premium pour fitness, outdoor, leadership. Court, mémorisable et optimisé SEO — idéal pour une croissance organique et la crédibilité.","Découvrez Foxfuze.com : nom premium pour fitness, outdoor et leadership. Court, mémorisable, optimisé SEO."
VillaTiger.com,real_estate,VillaTiger.com – Nom de marque premium (Real Estate),"VillaTiger.com est un nom de marque premium pour immobilier, proptech, luxe. Court, mémorisable et optimisé SEO — idéal pour une croissance organique et la crédibilité.","Découvrez VillaTiger.com : nom premium pour immobilier, proptech et luxe. Court, mémorisable, optimisé SEO."
DiligentFox.com,animals_strength,DiligentFox.com – Nom de marque premium (Animals Strength),"DiligentFox.com est un nom de marque premium pour fitness, outdoor, leadership. Court, mémorisable et optimisé SEO — idéal pour une croissance organique et la crédibilité.","Découvrez DiligentFox.com : nom premium pour fitness, outdoor et leadership. Court, mémorisable, optimisé SEO."
SquadDefend.com,security_privacy,SquadDefend.com – Nom de marque premium (Security Privacy),"SquadDefend.com est un nom de marque premium pour cybersécurité, confidentialité, coffre. Court, mémorisable et optimisé SEO — idéal pour une croissance organique et la crédibilité.","Découvrez SquadDefend.com : nom premium pour cybersécurité, confidentialité et coffre. Court, mémorisable, optimisé SEO."
Fullbison.com,animals_strength,Fullbison.com – Nom de marque premium (Animals Strength),"Fullbison.com est un nom de marque premium pour fitness, outdoor, leadership. Court, mémorisable et optimisé SEO — idéal pour une croissance organique et la crédibilité.","Découvrez Fullbison.com : nom premium pour fitness, outdoor et leadership. Court, mémorisable, optimisé SEO."
Beslan.com,brandable_general,Beslan.com – Nom de marque premium (Brandable General),"Beslan.com est un nom de marque premium pour marquable, nom court, mémorisable. Court, mémorisable et optimisé SEO — idéal pour une croissance organique et la crédibilité.","Découvrez Beslan.com : nom premium pour marquable, nom court et mémorisable. Court, mémorisable, optimisé SEO."
Bapup.com,brandable_general,Bapup.com – Nom de marque premium (Brandable General),"Bapup.com est un nom de marque premium pour marquable, nom court, mémorisable. Court, mémorisable et optimisé SEO — idéal pour une croissance organique et la crédibilité.","Découvrez Bapup.com : nom premium pour marquable, nom court et mémorisable. Court, mémorisable, optimisé SEO."
SwiftPrice.com,pricing_deals,SwiftPrice.com – Nom de marque premium (Pricing Deals),"SwiftPrice.com est un nom de marque premium pour comparateur de prix, offres, tarification dynamique. Court, mémorisable et optimisé SEO — idéal pour une croissance organique et la crédibilité.","Découvrez SwiftPrice.com : nom premium pour comparateur de prix, offres et tarification dynamique. Court, mémorisable, optimisé SEO."
LovelyNic.com,brandable_general,LovelyNic.com – Nom de marque premium (Brandable General),"LovelyNic.com est un nom de marque premium pour marquable, nom court, mémorisable. Court, mémorisable et optimisé SEO — idéal pour une croissance organique et la crédibilité.","Découvrez LovelyNic.com : nom premium pour marquable, nom court et mémorisable. Court, mémorisable, optimisé SEO."
WolfFleet.com,animals_strength,WolfFleet.com – Nom de marque premium (Animals Strength),"WolfFleet.com est un nom de marque premium pour fitness, outdoor, leadership. Court, mémorisable et optimisé SEO — idéal pour une croissance organique et la crédibilité.","Découvrez WolfFleet.com : nom premium pour fitness, outdoor et leadership. Court, mémorisable, optimisé SEO."
Soothelle.com,brandable_general,Soothelle.com – Nom de marque premium (Brandable General),"Soothelle.com est un nom de marque premium pour marquable, nom court, mémorisable. Court, mémorisable et optimisé SEO — idéal pour une croissance organique et la crédibilité.","Découvrez Soothelle.com : nom premium pour marquable, nom court et mémorisable. Court, mémorisable, optimisé SEO."
ColorfulBrains.com,brand_agency,ColorfulBrains.com – Nom de marque premium (Brand Agency),"ColorfulBrains.com est un nom de marque premium pour branding, agency, creative. Court, mémorisable et optimisé SEO — idéal pour une croissance organique et la crédibilité.","Découvrez ColorfulBrains.com : nom premium pour branding, agency et creative. Court, mémorisable, optimisé SEO."
Kurub.com,brandable_general,Kurub.com – Nom de marque premium (Brandable General),"Kurub.com est un nom de marque premium pour marquable, nom court, mémorisable. Court, mémorisable et optimisé SEO — idéal pour une croissance organique et la crédibilité.","Découvrez Kurub.com : nom premium pour marquable, nom court et mémorisable. Court, mémorisable, optimisé SEO."
LeoBlock.com,brandable_general,LeoBlock.com – Nom de marque premium (Brandable General),"LeoBlock.com est un nom de marque premium pour marquable, nom court, mémorisable. Court, mémorisable et optimisé SEO — idéal pour une croissance organique et la crédibilité.","Découvrez LeoBlock.com : nom premium pour marquable, nom court et mémorisable. Court, mémorisable, optimisé SEO."
Grisus.com,brandable_general,Grisus.com – Nom de marque premium (Brandable General),"Grisus.com est un nom de marque premium pour marquable, nom court, mémorisable. Court, mémorisable et optimisé SEO — idéal pour une croissance organique et la crédibilité.","Découvrez Grisus.com : nom premium pour marquable, nom court et mémorisable. Court, mémorisable, optimisé SEO."
GeniusScout.com,brand_agency,GeniusScout.com – Nom de marque premium (Brand Agency),"GeniusScout.com est un nom de marque premium pour branding, agency, creative. Court, mémorisable et optimisé SEO — idéal pour une croissance organique et la crédibilité.","Découvrez GeniusScout.com : nom premium pour branding, agency et creative. Court, mémorisable, optimisé SEO."
Nockit.com,brandable_general,Nockit.com – Nom de marque premium (Brandable General),"Nockit.com est un nom de marque premium pour marquable, nom court, mémorisable. Court, mémorisable et optimisé SEO — idéal pour une croissance organique et la crédibilité.","Découvrez Nockit.com : nom premium pour marquable, nom court et mémorisable. Court, mémorisable, optimisé SEO."
CleanBox.net,brandable_general,CleanBox.net – Nom de marque premium (Brandable General),"CleanBox.net est un nom de marque premium pour marquable, nom court, mémorisable. Court, mémorisable et optimisé SEO — idéal pour une croissance organique et la crédibilité.","Découvrez CleanBox.net : nom premium pour marquable, nom court et mémorisable. Court, mémorisable, optimisé SEO."
ToVogue.com,brandable_general,ToVogue.com – Nom de marque premium (Brandable General),"ToVogue.com est un nom de marque premium pour marquable, nom court, mémorisable. Court, mémorisable et optimisé SEO — idéal pour une croissance organique et la crédibilité.","Découvrez ToVogue.com : nom premium pour marquable, nom court et mémorisable. Court, mémorisable, optimisé SEO."
Bemif.com,brandable_general,Bemif.com – Nom de marque premium (Brandable General),"Bemif.com est un nom de marque premium pour marquable, nom court, mémorisable. Court, mémorisable et optimisé SEO — idéal pour une croissance organique et la crédibilité.","Découvrez Bemif.com : nom premium pour marquable, nom court et mémorisable. Court, mémorisable, optimisé SEO."
Bubev.com,brandable_general,Bubev.com – Nom de marque premium (Brandable General),"Bubev.com est un nom de marque premium pour marquable, nom court, mémorisable. Court, mémorisable et optimisé SEO — idéal pour une croissance organique et la crédibilité.","Découvrez Bubev.com : nom premium pour marquable, nom court et mémorisable. Court, mémorisable, optimisé SEO."
Kzrn.com,brandable_general,Kzrn.com – Nom de marque premium (Brandable General),"Kzrn.com est un nom de marque premium pour marquable, nom court, mémorisable. Court, mémorisable et optimisé SEO — idéal pour une croissance organique et la crédibilité.","Découvrez Kzrn.com : nom premium pour marquable, nom court et mémorisable. Court, mémorisable, optimisé SEO."
AiHarp.com,music_audio,AiHarp.com – Nom de marque premium (Music Audio),"AiHarp.com est un nom de marque premium pour IA musicale, logiciel audio, sound design. Court, mémorisable et optimisé SEO — idéal pour une croissance organique et la crédibilité.","Découvrez AiHarp.com : nom premium pour IA musicale, logiciel audio et sound design. Court, mémorisable, optimisé SEO."
ILKX.com,brandable_general,ILKX.com – Nom de marque premium (Brandable General),"ILKX.com est un nom de marque premium pour marquable, nom court, mémorisable. Court, mémorisable et optimisé SEO — idéal pour une croissance organique et la crédibilité.","Découvrez ILKX.com : nom premium pour marquable, nom court et mémorisable. Court, mémorisable, optimisé SEO."
Nisuvi.com,brandable_general,Nisuvi.com – Nom de marque premium (Brandable General),"Nisuvi.com est un nom de marque premium pour marquable, nom court, mémorisable. Court, mémorisable et optimisé SEO — idéal pour une croissance organique et la crédibilité.","Découvrez Nisuvi.com : nom premium pour marquable, nom court et mémorisable. Court, mémorisable, optimisé SEO."
ShinUp.com,brandable_general,ShinUp.com – Nom de marque premium (Brandable General),"ShinUp.com est un nom de marque premium pour marquable, nom court, mémorisable. Court, mémorisable et optimisé SEO — idéal pour une croissance organique et la crédibilité.","Découvrez ShinUp.com : nom premium pour marquable, nom court et mémorisable. Court, mémorisable, optimisé SEO."
CultureChord.com,brandable_general,CultureChord.com – Nom de marque premium (Brandable General),"CultureChord.com est un nom de marque premium pour marquable, nom court, mémorisable. Court, mémorisable et optimisé SEO — idéal pour une croissance organique et la crédibilité.","Découvrez CultureChord.com : nom premium pour marquable, nom court et mémorisable. Court, mémorisable, optimisé SEO."
CloutCrest.com,brandable_general,CloutCrest.com – Nom de marque premium (Brandable General),"CloutCrest.com est un nom de marque premium pour marquable, nom court, mémorisable. Court, mémorisable et optimisé SEO — idéal pour une croissance organique et la crédibilité.","Découvrez CloutCrest.com : nom premium pour marquable, nom court et mémorisable. Court, mémorisable, optimisé SEO."
